,street,station_id,lat,lon,capacity
0,Eads St & 15th St S,1,38.858971,-77.05323,15
1,18th St & S Eads St,2,38.85725,-77.05332,11
2,Crystal Dr & 20th St S,3,38.856425,-77.049232,17
3,Crystal Dr & 15th St S,4,38.86017,-77.049593,11
4,Aurora Hills Cmty Ctr / 18th St & S Hayes St,5,38.857866,-77.05949,11
5,Pentagon City Metro / 12th St & S Hayes St,6,38.862303,-77.059936,19
6,Army Navy Dr & S Joyce St,7,38.8637,-77.0633,15
7,Crystal City Metro / 18th St & S Bell St,8,38.85740496261504,-77.05113172531128,19
8,Crystal Dr & 27th St S,10,38.848466,-77.051514,11
9,S Glebe Rd & Potomac Ave,11,38.8426,-77.0502,11
10,Crystal Dr & 23rd St S,12,38.8533,-77.0498,17
11,Clark St & 26th St S,13,38.850688,-77.05152,11
12,19th St & Pennsylvania Ave NW,14,38.9003,-77.0429,15
13,14th & V St NW,15,38.9177645,-77.032096,31
14,11th & Kenyon St NW,16,38.929464,-77.027822,27
15,16th & Harvard St NW,17,38.926088,-77.036536,33
16,Adams Mill & Columbia Rd NW,18,38.922925,-77.042581,15
17,14th & Harvard St NW,19,38.9268,-77.0322,19
18,Calvert & Biltmore St NW,20,38.923203,-77.047637,23
19,Lamont & Mt Pleasant NW,21,38.9319,-77.0388,19
20,4th & M St SW,22,38.876697,-77.0178975,23
21,15th & P St NW,23,38.909868,-77.034421,19
22,14th & R St NW,24,38.913046,-77.032008,19
23,14th & Rhode Island Ave NW,25,38.9086,-77.0323,23
24,20th & E St NW,26,38.8963,-77.045,15
25,21st & I St NW,27,38.90071062547463,-77.04644858837128,35
26,Georgia & New Hampshire Ave NW,28,38.9366839345886,-77.02418088912964,19
27,14th St & Spring Rd NW,29,38.9375,-77.0328,19
28,John McCormack Dr & Michigan Ave NE,30,38.9346,-76.9955,11
29,5th & K St NW,31,38.90304,-77.019027,19
30,19th & East Capitol St SE,32,38.8896,-76.9769,15
31,Park Rd & Holmead Pl NW,33,38.9308,-77.0315,19
32,Good Hope & Naylor Rd SE,34,38.86005647007575,-76.96783974766731,11
33,Connecticut Ave & Newark St NW / Cleveland Park,35,38.934267,-77.057979,11
34,Randle Circle & Minnesota Ave SE,36,38.878,-76.9607,11
35,Minnesota Ave Metro/DOES,37,38.897063,-76.947446,15
36,Nannie Helen Burroughs & Minnesota Ave NE,38,38.901385,-76.941877,11
37,Anacostia Metro,39,38.862669,-76.994637,11
38,Good Hope Rd & MLK Ave SE,40,38.867373,-76.988039,11
39,19th & E Street NW,41,38.8952,-77.0436,11
40,4th & W St NE,42,38.919077,-77.000648,15
41,10th & U St NW,43,38.9172,-77.0259,15
42,Georgia Ave and Fairmont St NW,44,38.9249,-77.0222,11
43,1st & N St  SE,45,38.8743,-77.0057,39
44,20th St & Florida Ave NW,46,38.9154,-77.0446,15
45,7th & T St NW,47,38.9155,-77.0222,15
46,Eads St & 22nd St S,48,38.85438051517749,-77.05341160297394,15
47,M St & New Jersey Ave SE,49,38.8763,-77.0037,17
48,Massachusetts Ave & Dupont Circle NW,51,38.9101,-77.0444,45
49,1st & M St NE,52,38.905697,-77.005483,15
50,New Hampshire Ave & Ward Pl NW,53,38.90571079190728,-77.0473176240921,19
51,17th & K St NW,54,38.90276,-77.03863,23
52,3rd & H St NW,55,38.899408,-77.015289,15
53,3rd & D St SE,56,38.8851,-77.0023,11
54,Potomac & Pennsylvania Ave SE,57,38.8803,-76.9862,15
55,13th & E St SE,58,38.88291548476762,-76.98790669441223,15
56,17th & Corcoran St NW,59,38.9121,-77.0387,19
57,Van Ness Metro / UDC,60,38.944551,-77.063896,15
58,Florida Ave & R St NW,61,38.9126,-77.0135,15
59,8th & Eye St SE / Barracks Row,62,38.8792,-76.9953,11
60,Ward Circle / American University,63,38.938736,-77.087171,15
61,Wisconsin Ave & Newark St NW,64,38.934881,-77.072755,19
62,14th St Heights / 14th & Crittenden St NW,65,38.947774,-77.032818,11
63,Anacostia Library,66,38.865784,-76.9784,11
64,Pennsylvania & Minnesota Ave SE,67,38.873057,-76.971015,11
65,Eastern Market / 7th & North Carolina Ave SE,68,38.886952,-76.996806,15
66,14th St & New York Ave NW,69,38.899632,-77.031686,23
67,Benning Branch Library,70,38.894,-76.947974,11
68,USDA / 12th & C St SW,71,38.88627694506511,-77.02824175357819,39
69,Georgetown Harbor / 30th St NW,72,38.902314,-77.0591415,19
70,12th & Newton St NE,73,38.933668,-76.991016,11
71,US Dept of State / Virginia Ave & 21st St NW,74,38.894919,-77.046587,15
72,L'Enfant Plaza / 7th & C St SW,75,38.886266,-77.022241,15
73,10th St & Constitution Ave NW,76,38.893028,-77.026013,31
74,Kennedy Center,77,38.897293,-77.05557,19
75,Eastern Market Metro / Pennsylvania Ave & 8th St SE,78,38.884260087971725,-76.99473559856415,19
76,18th & M St NW,79,38.90506687455313,-77.04177886247635,27
77,Tenleytown / Wisconsin Ave & Albemarle St NW,80,38.947607,-77.079382,15
78,13th & H St NE,81,38.90042673988099,-76.98825001716614,27
79,5th & F St NW,82,38.897222,-77.019347,31
80,New York Ave & 15th St NW,83,38.89903234416315,-77.03335404396057,19
81,Convention Center / 7th & M St NW,84,38.905737,-77.02227,23
82,Harvard St & Adams Mill Rd NW,85,38.927872,-77.043358,15
83,18th & L St NW,86,38.903741450919384,-77.04245209693909,19
84,C & O Canal & Wisconsin Ave NW,87,38.90375,-77.06269,23
85,Maine Ave & 7th St SW,88,38.878693599396954,-77.02305436134338,19
86,D St & Maryland Ave NE,89,38.894758,-76.997114,23
87,34th St & Wisconsin Ave NW,90,38.916442,-77.0682,11
88,13th St & New York Ave NW,91,38.900283,-77.029822,23
89,8th & H St NW,92,38.8997,-77.023086,33
90,10th & Monroe St NE,93,38.932514,-76.992889,15
91,Eckington Pl & Q St NE,94,38.910972,-77.00495,23
92,6th & H St NE,95,38.899972,-76.998347,23
93,3rd & H St NE,96,38.900412,-77.001949,19
94,Bladensburg Rd & Benning Rd NE,97,38.900413,-76.982872,15
95,4th & East Capitol St NE,98,38.889955,-77.000349,11
96,Lincoln Park / 13th & East Capitol St NE ,99,38.890461,-76.988355,25
97,Branch & Pennsylvania Ave SE,100,38.8692,-76.9599,11
98,13th & D St NE,101,38.894832,-76.987633,31
99,New Hampshire Ave & T St NW,102,38.915544,-77.038252,23
100,Metro Center / 12th & G St NW,103,38.898364,-77.027869,39
101,14th & D St NW / Ronald Reagan Building,104,38.894514,-77.031617,25
102,7th & F St NW / National Portrait Gallery,105,38.89728304853854,-77.02219069004059,27
103,17th & K St NW / Farragut Square,106,38.902061,-77.038322,35
104,20th & O St NW / Dupont South,107,38.908905,-77.04478,19
105,4th & D St NW / Judiciary Square,108,38.895344,-77.016106,15
106,19th St & Constitution Ave NW,109,38.8923,-77.0436,35
107,37th & O St NW / Georgetown University,110,38.90774,-77.071652,23
108,11th & H St NE,111,38.899983,-76.991383,19
109,25th St & Pennsylvania Ave NW,112,38.903827,-77.053485,15
110,Columbus Circle / Union Station,113,38.89696,-77.00493,55
111,North Capitol St & F St NW,114,38.897446,-77.009888,23
112,11th & M St NW,115,38.9055785,-77.027313,19
113,36th & Calvert St NW / Glover Park,116,38.922581,-77.070334,15
114,14th & G St NW,117,38.898409,-77.032278,23
115,Potomac Ave & 35th St S,118,38.844015,-77.050537,23
116,Ohio Dr & West Basin Dr SW / MLK & FDR Memorials,124,38.88412,-77.04657,31
117,11th & F St NW,125,38.897857,-77.026975,15
118,23rd & E St NW ,126,38.896104,-77.049882,19
119,Lynn St & 19th St North,127,38.897315,-77.070993,27
120,Rosslyn Metro / Wilson Blvd & Ft Myer Dr,128,38.8946,-77.072305,19
121,Clarendon Blvd & Pierce St,129,38.893438,-77.076389,15
122,Wilson Blvd & N Uhle St,130,38.891696,-77.0846,15
123,Rhodes St & 16th St N,131,38.892164,-77.079375,11
124,Fairfax Village,132,38.86559,-76.952103,15
125,21st St & Constitution Ave NW,133,38.892459,-77.046567,15
126,Wilson Blvd & N Edgewood St,134,38.889,-77.0925,15
127,Columbia Rd & Belmont St NW,135,38.920669,-77.04368,19
128,Rhode Island & Connecticut Ave NW,136,38.905995699991145,-77.03980207443237,23
129,Thomas Circle,137,38.9059,-77.0325,33
130,Wilson Blvd & N Franklin Rd,138,38.8904,-77.0889,11
131,Clarendon Blvd & N Fillmore St,139,38.8881,-77.09308,15
132,Clarendon Metro / Wilson Blvd & N Highland St,140,38.88786,-77.094875,17
133,18th St & Pennsylvania Ave NW,141,38.899680000000004,-77.041539,26
134,4th & C St SW,142,38.88637194054526,-77.01770067214966,39
135,4th & E St SW,143,38.88412,-77.017445,19
136,3rd & G St SE,144,38.881185,-77.001828,19
137,7th & R St NW / Shaw Library,145,38.912719,-77.022155,15
138,9th & Upshur St NW,146,38.9418,-77.0251,15
139,1st & Rhode Island Ave NW,147,38.915417,-77.012289,15
140,Columbia Rd & Georgia Ave NW,148,38.92812111132096,-77.0237946510315,19
141,California St & Florida Ave NW,149,38.917761,-77.04062,19
142,Benning Rd & East Capitol St NE / Benning Rd Metro,150,38.889935,-76.93723,19
143,3000 Connecticut Ave NW / National Zoo,151,38.930282,-77.055599,15
144,Anacostia Ave & Benning Rd NE / River Terrace ,152,38.896544,-76.96012,15
145,M St & Pennsylvania Ave NW,153,38.905126,-77.056887,19
146,15th St & Massachusetts Ave SE,154,38.88732,-76.983569,15
147,Congress Heights Metro,155,38.844711,-76.987823,15
148,N Quincy St & Glebe Rd,156,38.876393,-77.107735,11
149,Barcroft Community Center,157,38.85033657788445,-77.1009886264801,11
150,N Veitch St & 20th St N,158,38.896923,-77.086502,15
151,10th & K St NW,159,38.9024,-77.02622,23
152,Fairfax Dr & Wilson Blvd,160,38.885801,-77.097745,11
153,Wilson Blvd & N Quinn St,161,38.893993,-77.07857,11
154,1st & K St SE,162,38.878854378063295,-77.00572729110718,15
155,39th & Calvert St NW / Stoddert,163,38.922649,-77.077271,19
156,1st & Washington Hospital Center NW,164,38.928743,-77.012457,15
157,Virginia Square Metro / Monroe St & 9th St N,165,38.882788,-77.103148,19
158,Central Library / Quincy St & 10th St N,166,38.88397,-77.10783,11
159,Washington Blvd & 10th St N,167,38.884734,-77.093485,15
160,Jefferson Dr & 14th St SW,168,38.8885525,-77.032427,23
161,Smithsonian-National Mall / Jefferson Dr & 12th St SW,169,38.888774,-77.028694,32
162,George Mason Dr & Wilson Blvd,170,38.87887,-77.1207,15
163,6th St & Indiana Ave NW,171,38.894573,-77.01994,19
164,N Veitch St & Key Blvd,172,38.893237,-77.086063,11
165,Lee Hwy & N Adams St,173,38.89593,-77.089006,19
166,15th St & N Scott St,174,38.89054,-77.08095,11
167,Washington Blvd & 7th St N,175,38.88081,-77.090792,11
168,Ballston Metro / Stuart St & 9th St N,176,38.881044,-77.111768,23
169,Fairfax Dr & N Randolph St,177,38.882629,-77.109366,11
170,Jefferson Memorial,178,38.879819,-77.037413,23
171,Good Hope Rd & 14th St SE,179,38.866611,-76.985238,15
172,Glebe Rd & 11th St N,180,38.883921,-77.116817,11
173,Wilson Blvd & N Quincy St,181,38.880012,-77.107854,15
174,GMU / Fairfax Dr & Kenmore St,182,38.884616,-77.10108,11
175,Gallaudet / 8th St & Florida Ave NE,183,38.90509,-76.9941,19
176,20th & L St NW,185,38.903584,-77.044789,19
177,12th & L St NW,186,38.903819,-77.0284,19
178,21st St & Pennsylvania Ave NW,187,38.901539,-77.046564,19
179,19th & K St NW,188,38.902204,-77.04337,23
180,Prince St & Union St,189,38.803124,-77.040363,19
181,Market Square / King St & Royal St,190,38.804718,-77.043363,15
182,St Asaph & Pendleton St,191,38.81074147938705,-77.0446327328682,15
183,King St & Patrick St,192,38.805317,-77.049883,15
184,15th & K St NW,193,38.902,-77.03353,27
185,Commerce St & Fayette St,194,38.805648,-77.05293,15
186,Henry St & Pendleton St,195,38.811456,-77.050276,17
187,Braddock Rd Metro,196,38.814577,-77.052808,29
188,King St Metro South,197,38.80576284873485,-77.060626745224,23
189,24th & N St NW,198,38.9066,-77.05152,15
190,10th & E St NW,199,38.895914,-77.026064,15
191,22nd & I St NW / Foggy Bottom,200,38.90088,-77.048911,15
192,Utah St & 11th St N,201,38.883669,-77.113905,11
193,Barton St & 10th St N,202,38.884961,-77.08777,11
194,Arlington Blvd & N Queen St,203,38.889365,-77.077294,11
195,Lincoln Memorial,204,38.888255,-77.0494365,25
196,20th St & Virginia Ave NW,206,38.894722,-77.045128,15
197,5th St & Massachusetts Ave NW,207,38.90093,-77.018677,19
198,39th & Veazey St NW,208,38.943837,-77.077078,15
199,Fessenden St & Wisconsin Ave NW,209,38.954812,-77.082426,15
200,3rd & M St NE,210,38.905469714943266,-77.0021304488182,23
201,Columbia Pike & S Courthouse Rd,211,38.863833,-77.080319,15
202,Wakefield High School,212,38.847129045742605,-77.1125502884388,11
203,28th St & S Meade St,213,38.846222,-77.069275,15
204,18th St & Wyoming Ave NW,214,38.918809,-77.041571,23
205,5th & Kennedy St NW,215,38.956555547721955,-77.0198142528534,15
206,Georgia Ave & Emerson St NW,216,38.949662000000004,-77.027333,19
207,14th & Upshur St NW,217,38.942475355602845,-77.03267812728882,19
208,14th St & Colorado Ave NW,218,38.956432,-77.032947,19
209,Troy St & 26th St S,219,38.847977,-77.075104,11
210,Four Mile Run Dr & S Shirlington Rd,220,38.8444,-77.085931,11
211,Columbia Pike & S Oakland St,221,38.860789,-77.09586,11
212,Four Mile Run Dr & S Walter Reed Dr,222,38.84736,-77.095431,11
213,S Arlington Mill Dr & Campbell Ave,223,38.84232,-77.089555,15
214,Kenmore St & 24th St S,224,38.848454,-77.084918,11
215,13th St & Eastern Ave,225,38.987,-77.029417,15
216,Wisconsin Ave & O St NW,226,38.90849,-77.063586,19
217,Roosevelt Island,227,38.896553,-77.06714,13
218,Connecticut & Nebraska Ave NW,228,38.955016,-77.069956,23
219,17th St & Massachusetts Ave NW,229,38.908142,-77.038359,19
220,15th & Euclid St  NW,230,38.92333,-77.0352,15
221,8th & East Capitol St NE,231,38.889988,-76.995193,11
222,New Jersey Ave & R St NW,232,38.912659,-77.017669,15
223,15th & East Capitol St NE,233,38.889908,-76.983326,11
224,8th & F St NE,234,38.897274,-76.994749,23
225,18th St & Rhode Island Ave NE,235,38.927095,-76.978924,15
226,15th & F St NE,236,38.897194999999996,-76.983575,19
227,12th & Irving St NE,237,38.928644,-76.990955,15
228,Alabama & MLK Ave SE,239,38.84322988730829,-76.99937582015991,11
229,Pleasant St & MLK Ave SE,240,38.863897,-76.990037,11
230,Neal St & Trinidad Ave NE,241,38.903732,-76.987211,15
231,12th & U St NW,242,38.916787,-77.028139,31
232,S George Mason & Four Mile Run Dr,243,38.852248,-77.105022,11
233,Gravelly Point,244,38.865029,-77.039511,15
234,Pershing Dr & Wayne St,245,38.880705,-77.08596,11
235,Columbia Pike & S Orme St,246,38.867262,-77.072315,11
236,3rd St & Pennsylvania Ave SE,247,38.887378,-77.001955,15
237,8th & D St NW,248,38.894851,-77.02324,15
238,3rd & Elm St NW,249,38.917622,-77.01597,15
239,Rhode Island Ave & V St NE,250,38.918155,-77.004746,19
240,Constitution Ave & 2nd St NW/DOL,251,38.892275,-77.013917,27
241,Washington & Independence Ave SW/HHS,252,38.886978,-77.013769,31
242,Independence Ave & L'Enfant Plaza SW/DOE,253,38.887312,-77.025762,15
243,Hamlin & 7th St NE,254,38.927497,-76.997194,15
244,Columbia Pike & S Walter Reed Dr,255,38.862478,-77.086599,12
245,Arlington Mill Cmty Center / Columbia Pike & S Dinwiddie St,256,38.856319,-77.11153,15
246,Pershing Dr & N George Mason Dr,257,38.871822,-77.107906,11
247,Fenton St & New York Ave ,258,38.985404,-77.023082,15
248,Bethesda Ave & Arlington Rd,259,38.981103,-77.097426,19
249,Montgomery Ave & Waverly St ,260,38.983838,-77.09221,11
250,Fallsgrove Blvd & Fallsgrove Dr,261,39.096312,-77.192672,19
251,Traville Gateway Dr & Gudelsky Dr,262,39.093783,-77.202501,19
252,Norfolk Ave & Fairmont St,263,38.988562,-77.096539,11
253,E Montgomery Ave & Maryland Ave,264,39.084125,-77.151291,15
254,Cordell & Norfolk Ave,265,38.98954,-77.098029,11
255,Frederick Ave & Horners Ln,266,39.094772,-77.145213,9
256,Philadelphia & Maple Ave,267,38.98128,-77.011336,15
257,Maple & Ritchie Ave,268,38.983627,-77.006311,19
258,Silver Spring Metro / Colesville Rd & Wayne Ave,269,38.99489580319022,-77.02953189611435,15
259,Montgomery & East Ln,270,38.983525,-77.095367,11
260,Friendship Hts Metro / Wisconsin Ave & Wisconsin Cir,271,38.961763,-77.085998,19
261,14th & Belmont St NW,272,38.921074,-77.031887,15
262,3rd & Tingey St SE,273,38.87501,-77.0024,19
263,10th & Florida Ave NW,274,38.920387,-77.025672,19
264,Potomac Ave & 8th St SE,275,38.876737,-76.994468,15
265,Fallsgrove Dr & W Montgomery Ave,277,39.099376,-77.188014,15
266,Monroe St & Monroe Pl,278,39.083673,-77.149162,15
267,Needwood Rd & Eagles Head Ct,279,39.123513,-77.15741,15
268,East West Hwy & Blair Mill Rd,280,38.990249,-77.02935,15
269,47th & Elm St,282,38.982456,-77.091991,15
270,Dennis Ave & Amherst Ave,283,39.02538719623632,-77.04456299543381,15
271,Montgomery College / W Campus Dr & Mannakee St,284,39.095661,-77.159048,21
272,Fenton St & Gist Ave,285,38.989724,-77.023854,11
273,Carroll & Westmoreland Ave,286,38.975,-77.01121,15
274,Carroll & Ethan Allen Ave,287,38.977933,-77.006472,15
275,Battery Ln & Trolley Trail,288,38.992375,-77.100104,15
276,Norfolk & Rugby Ave,289,38.990639,-77.100239,11
277,Offutt Ln & Chevy Chase Dr,290,38.977092999999996,-77.094589,11
278,Fleet St & Ritchie Pkwy,293,39.076331,-77.141378,15
279,Piccard & W Gude Dr,294,39.102212,-77.177091,19
280,Silver Spring Transit Center - Top Level,295,38.99403485060837,-77.03037142753601,15
281,Georgia Ave & Spring St,296,38.999388,-77.031555,11
282,Fenton St & Ellsworth Dr ,297,38.997033,-77.025608,15
283,King Farm Blvd & Pleasant Dr,298,39.114688,-77.171487,18
284,King Farm Blvd & Piccard Dr,299,39.110314,-77.182669,15
285,Calvert St & Woodley Pl NW,301,38.923583,-77.050046,19
286,New Jersey Ave & N St NW/Dunbar HS,302,38.90733256111448,-77.01536044478416,19
287,Nannie Helen Burroughs Ave & 49th St NE,303,38.898536,-76.931862,11
288,Deanwood Rec Center,304,38.908473,-76.933099,15
289,Hains Point/Buckeye & Ohio Dr SW,305,38.878433,-77.03023,17
290,Arlington Blvd & Fillmore St,306,38.873755,-77.089233,11
291,Eads St & 12th St S,307,38.862753,-77.05428,17
292,Old Georgetown Rd & Southwick St,308,38.999634,-77.109647,19
293,Friendship Blvd & Willard Ave,309,38.96115,-77.088659,19
294,North Capitol St & G Pl NE,310,38.899703,-77.008911,19
295,31st St & S Woodrow St,311,38.8378458,-77.0934784,11
296,Washington Blvd & Walter Reed Dr ,312,38.873219,-77.082104,15
297,TJ Cmty Ctr / 2nd St & S Old Glebe Rd,313,38.869418,-77.095596,15
298,Connecticut Ave & Tilden St NW,314,38.94113915653008,-77.061977237463,15
299,Medical Center Dr & Key West Ave,315,39.103091,-77.196442,15
300,Shady Grove Hospital,316,39.097636,-77.196636,19
301,Veterans Pl & Pershing Dr ,317,38.997445,-77.023894,11
302,Rockville Metro East,318,39.085394,-77.145803,13
303,1st & H St NW,319,38.900358,-77.012108,15
304,Fort Totten Metro,320,38.952369,-77.002721,19
305,Takoma Metro,321,38.975219,-77.016855,19
306,Rhode Island Ave Metro,322,38.920682,-76.995876,19
307,Rolfe St & 9th St S,323,38.866471,-77.076131,11
308,Shirlington Transit Center / Quincy St & Randolph St,324,38.839912,-77.087083,15
309,Shady Grove Metro West,325,39.119765,-77.166093,19
310,River Rd & Landy Ln,326,38.964992,-77.103381,19
311,Rockville Metro West,327,39.084379,-77.146866,19
312,Bethesda Metro / Wisconsin Ave & Old Georgetown Rd,328,38.984691,-77.094537,12
313,Iwo Jima Memorial / Meade & 14th St N,329,38.889920000000004,-77.071301,19
314,34th & Water St NW,330,38.9037315,-77.0675285,19
315,Duke St & John Carlyle St,331,38.804378,-77.060866,15
316,Lee Hwy & N Cleveland St,332,38.894941,-77.09169,15
317,Arlington Blvd & S George Mason Dr,333,38.869442,-77.104503,15
318,10th & G St NW,334,38.89824328774852,-77.02623546123505,23
319,Lee Hwy & N Scott St,335,38.897612,-77.080851,15
320,New Hampshire Ave & 24th St NW,336,38.901755,-77.051084,19
321,Eisenhower Ave & Mill Race Ln,337,38.801111,-77.068952,15
322,Potomac Greens Dr & Slaters Ln,338,38.82175,-77.047494,11
323,Ballenger Ave & Dulaney St,339,38.802677,-77.063562,19
324,Mount Vernon Ave & E Nelson Ave,340,38.820064,-77.057619,11
325,Mount Vernon Ave & E Del Ray Ave,341,38.82595,-77.058541,15
326,Monroe Ave & Leslie Ave,342,38.820932,-77.053096,15
327,Mount Vernon Ave & Kennedy St,343,38.833077,-77.059821,15
328,Court House Metro / 15th St & N Uhle St,344,38.890612,-77.084801,21
329,WAU / Flower Ave & Division St,345,38.986743,-77.000035,15
330,Long Bridge Park / Long Bridge Dr & 6th St S,346,38.865553,-77.05003,15
331,Connecticut Ave & McKinley St NW,347,38.96454350924588,-77.07513481378555,19
332,15th & L St NW,348,38.903649,-77.034918,23
333,17th & G St NW,349,38.898282949523605,-77.03973233699799,31
334,Spring St & 2nd Ave,350,38.997653,-77.034499,15
335,18th & R St NW,351,38.912648,-77.041834,19
336,Joyce St & 16th St S,352,38.859254,-77.063275,15
337,Union Market,353,38.907908,-76.99707,23
338,Lee Hwy & N Monroe St,354,38.896456,-77.104562,15
339,21st St & N Pierce St,355,38.898984,-77.078317,15
340,Lee Hwy & N Kirkwood Rd,356,38.895377,-77.09713,15
341,19th & G St NW,357,38.898412,-77.043182,23
342,2nd St & Seaton Pl NE,358,38.914751108831155,-77.00356006622314,19
343,Wilson Blvd & N Illinois St ,359,38.876528,-77.12712,15
344,Army Navy Dr & S Nash St,364,38.86215024521491,-77.06812083721161,11
345,31st & Water St NW,365,38.902814,-77.061043,19
346,11th & S St NW,367,38.913761,-77.027025,23
347,Walter Reed Dr & 8th St S,368,38.86612,-77.08787,15
348,2nd & G St NE,369,38.89967,-77.003666,23
349,8th & O St NW,370,38.90864,-77.02277,19
350,Georgia & Missouri Ave NW,371,38.961339,-77.027855,19
351,Oklahoma Ave & D St NE,373,38.894474,-76.974828,19
352,Maryland Ave & E St NE,374,38.896134,-76.9929,19
353,New York Ave & Hecht Ave NE,375,38.915604,-76.983683,23
354,Yuma St & Tenley Circle NW,376,38.946182,-77.08059,19
355,Connecticut Ave & Chevy Chase Lake Dr,377,38.994113,-77.076986,15
356,Key West Ave & Siesta Key Way,378,39.105295,-77.194774,15
357,Lee Hwy & N Woodstock St,379,38.898301,-77.118009,19
358,Saint Asaph St & Madison St,380,38.812718,-77.044097,15
359,King St Metro North / Cameron St,381,38.80704,-77.059817,15
360,Madison St & N Henry St,382,38.813485,-77.049468,15
361,Medical Center Metro ,383,38.999378,-77.097882,19
362,Washington Blvd & N Frederick St,384,38.884829,-77.127671,11
363,Wisconsin Ave & Ingomar St NW,385,38.958267,-77.084636,19
364,16th & Irving St NW,386,38.928893,-77.03625,19
365,16th & R St NW,387,38.912652,-77.036278,19
366,Lyttonsville Rd & Lyttonsville Pl,388,38.999679,-77.051168,15
367,Woodmont Ave & Strathmore St,389,38.979875,-77.093522,11
368,14th & L St NW,390,38.903658,-77.031737,19
369,1st & O St NW,391,38.908643,-77.012365,15
370,South Capitol & Atlantic St SW,392,38.831516,-77.008133,19
371,18th & C St NW,393,38.893511,-77.041544,19
372,22nd & P ST NW,394,38.909394,-77.048728,19
373,East West Hwy & 16th St,395,38.995681,-77.038721,19
374,Royal St & Wilkes St,396,38.799267,-77.0447,15
375,14th & Girard St NW,397,38.925284,-77.032375,23
376,Potomac Ave & Main Line Blvd,398,38.822738,-77.049265,19
377,11th & O St NW,399,38.90843,-77.02714,19
378,10th St & L'Enfant Plaza SW,400,38.88432272414662,-77.02601015567778,23
379,Connecticut Ave & Yuma St NW,401,38.947156,-77.065115,19
380,2nd St & Massachusetts Ave NE,402,38.894972,-77.003135,23
381,Radford St & Osage St,403,38.828437,-77.086031,23
382,East Falls Church Metro / Sycamore St & 19th St N,404,38.88532071975074,-77.15642720460892,19
383,Kennebec St & 11th St N,405,38.880992,-77.135271,15
384,Commonwealth Ave & Oak St,406,38.812711,-77.061715,19
385,Commonwealth Ave & E Monroe Ave,407,38.82005823354218,-77.06282079219818,15
386,4th St & Madison Dr NW,408,38.8904955,-77.0172465,31
387,Henry Bacon Dr & Lincoln Memorial Circle NW,409,38.890539,-77.049383,19
388,17th St & Independence Ave SW,410,38.888097,-77.038325,19
389,Franklin St & S Washington St,411,38.798133,-77.0487,19
390,Mount Vernon Ave & Four Mile Run Park,412,38.843422,-77.064016,15
391,4th St & K St NW,413,38.90240556584194,-77.01600551605225,23
392,Mount Vernon Ave & Bruce St,414,38.841291,-77.063093,15
393,Lee Center,415,38.797557,-77.053766,15
394,Powhatan St & Bashford Ln,416,38.818748,-77.047783,15
395,Potomac Ave & Swann Ave,417,38.829545,-77.047844,19
396,14th & Irving St NW,418,38.928552,-77.032224,31
397,Vermont Ave & I St NW,419,38.901136451737045,-77.03445106744766,25
398,Wisconsin Ave & Brandywine St NW,420,38.949813,-77.080217,25
399,24th & R St NE / National Arboretum,421,38.91263,-76.971923,19
400,Division Ave & Foote St NE,422,38.897407,-76.925907,15
401,16th & Q St SE / Anacostia HS,423,38.870695,-76.982359,23
402,Spring Hill Metro,424,38.929261,-77.240654,15
403,Westpark Dr & Leesburg Pike,425,38.92403,-77.235955,11
404,Tysons One Pl & Chain Bridge Rd,427,38.919475,-77.221179,11
405,Tysons Corner Station,428,38.920939,-77.222115,11
406,Westpark & Jones Branch Dr,429,38.924437,-77.217664,11
407,Jones Branch & Westbranch Dr,430,38.931911,-77.219261,13
408,Westpark & Park Run Dr,431,38.928919,-77.225394,11
409,Tysons West Transit Center,432,38.932636,-77.231825,11
410,North Shore & Cameron Crescent Dr/Crescent Apartments,433,38.970045999999996,-77.338686,11
411,Town Center Pkwy & Bowman Towne Dr,434,38.962524,-77.361902,15
412,Reston Regional Library,435,38.962095,-77.358815,15
413,New Dominion Pkwy & Fountain Dr,436,38.960574,-77.356324,15
414,Sunset Hills & Old Reston Ave,437,38.955079,-77.351649,15
415,Reston Town Center Transit Station,438,38.957037,-77.359718,17
416,1st & D St SE,439,38.884916,-77.005965,19
417,Wiehle Ave & Reston Station Blvd,440,38.946607921214984,-77.3393914103508,19
418,Library St & Freedom Dr,441,38.959633,-77.358741,19
419,Sunset Hills Rd & Discovery Square,442,38.95534,-77.357611,15
420,22nd St & Constitution Ave NW,443,38.892441,-77.048947,23
421,61st St & Banks Pl NE,444,38.891805,-76.913563,19
422,Temporary Rd & Old Reston Ave,445,38.960084,-77.353414,15
423,Reston YMCA,446,38.955314,-77.368416,15
424,Sunset Hills Rd & Isaac Newton Square,447,38.951443,-77.340377,11
425,N Lynn St & Fairfax Dr,448,38.893860000000004,-77.070862,15
426,Georgia Ave & Piney Branch Rd NW,449,38.967505,-77.027976,15
427,Greensboro & International Dr,450,38.923083,-77.227417,11
428,Madison St & Fairfax St,451,38.812351,-77.040691,15
429,Sligo Ave & Carroll Ln,452,38.990874,-77.016311,15
430,15th & W St NW,453,38.9190185,-77.034449,19
431,12th St & Pennsylvania Ave SE,454,38.882489,-76.990121,19
432,3rd St & Riggs Rd NE,455,38.957463,-77.002239,15
433,Carlin Springs Rd & N Thomas St,456,38.876695,-77.112982,15
434,Towers Crescent Dr & Tysons One Pl,457,38.915246,-77.220157,11
435,6th & K St NE,458,38.90293157359119,-76.99840486049652,19
436,Pooks Hill Rd & Linden Ave,459,39.014716,-77.107143,15
437,Takoma Park Rec Center,460,38.98265,-76.988311,15
438,New Hampshire & Kirklynn Ave,461,38.988101,-76.988422,15
439,Wheaton Metro / Georgia Ave & Reedie Dr,462,39.038423828518326,-77.05102041363716,19
440,Amherst Ave & Elkins St,463,39.044887,-77.047788,15
441,Amherst Ave & Prichard Rd,464,39.035965,-77.048395,15
442,Grandview & Blueridge Ave,465,39.043272,-77.053085,15
443,Windham Ln & Amherst Ave,466,39.032029,-77.04735,15
444,North Shore Dr & Village Rd,467,38.970412,-77.340787,11
445,Town Center Pkwy & Sunset Hills Rd,468,38.955170598044894,-77.3630940914154,11
446,3rd & Underwood St NW,469,38.968834,-77.016258,19
447,18th & Monroe St NE,470,38.93293,-76.979517,19
448,7th & E St SW,471,38.88345,-77.021741,19
449,Shady Grove Metro East,472,39.121327,-77.164969,19
450,Potomac & M St NW,473,38.905368,-77.065149,19
451,Columbia & Ontario Rd NW,474,38.924088,-77.040787,23
452,Washington-Liberty High School / N Stafford St & Generals Way,475,38.888282,-77.111066,15
453,Westover Library / Washington Blvd & N McKinley Rd,476,38.886048,-77.142317,15
454,Columbia Pike & S Taylor St,477,38.858524,-77.103728,15
455,Columbus Ave & Gramercy Blvd,479,39.12333,-77.16486,11
456,Reston Pkwy & Spectrum Dr,480,38.964207741006206,-77.35428035259247,15
457,Key West Ave & Great Seneca Hwy,481,39.105642,-77.20386,11
458,Virginia Ave & 25th St NW,482,38.8995,-77.054155,19
459,15th & M St NW,483,38.905424,-77.034674,19
460,11th & Girard St NW,484,38.925636,-77.027112,19
461,Connecticut Ave & R St NW,485,38.912644,-77.04564,19
462,Wilson Blvd & N Troy St,486,38.892556,-77.082089,15
463,American University East Campus,487,38.936298,-77.087128,19
464,15th St & Constitution Ave NW,488,38.892244,-77.033234,19
465,23rd & M St NW,490,38.905303,-77.050264,19
466,Corporate Blvd & Omega Dr,491,39.106971,-77.192645,15
467,Key West Ave & Diamondback Dr,492,39.106152,-77.202354,11
468,Alabama Ave & Stanton Rd SE / Shops at Park Village,493,38.84627,-76.98185,19
469,Mississippi Ave & 19th St SE / THEARC,494,38.84377,-76.97557,19
470,19th & Savannah St SE,495,38.84623,-76.97703,11
471,4th St & Mississippi Ave SE,496,38.836,-77.0009,19
472,1st & S Capitol St SE / Oxon Run Trail,497,38.824481,-77.005497,19
473,Livingston Rd & 3rd St SE,498,38.82373,-77.00223,15
474,Joliet St & MLK Ave SW/Bald Eagle Rec Ctr,499,38.81909,-77.01033,19
475,37th & Ely Pl SE,500,38.883011,-76.949709,15
476,15th St & Pennsylvania Ave NW,501,38.89646474748647,-77.0333808660507,19
477,Maine Ave & 9th St SW,505,38.88044,-77.025236,15
478,Lincoln Rd & Seaton Pl NE/Harry Thomas Rec Center,506,38.915,-77.0078,19
479,Blueridge Ave & Elkin St,507,39.04313,-77.05006,15
480,Georgia Ave & Kennedy St NW,508,38.95674,-77.02791,19
481,7th St & Massachusetts Ave NE,509,38.89222,-76.99602,19
482,Anacostia Park,510,38.87335,-76.9834,19
483,Twinbrook Metro,511,39.062041,-77.120776,14
484,White Flint Metro,512,39.04753,-77.11287,25
485,Citadel Ave & McGrath Blvd,513,39.049,-77.10933,15
486,Rockville Pike & Old Georgetown Rd,514,39.049765,-77.11368,15
487,Woodglen Dr & Executive Blvd,515,39.04317,-77.1135,16
488,Executive Blvd & E Jefferson St,516,39.04873,-77.1257,15
489,Fishers Ln & Rock Creek Mill Rd,517,39.0629,-77.113454,15
490,Congressional Ln & E Jefferson St,518,39.06219,-77.129235,15
491,Garland Ave & Walden Rd,519,39.00048,-77.00077,15
492,Greensboro & Pinnacle Dr,520,38.92245,-77.23034,13
493,1301 McCormick Dr / Wayne K. Curry Admin Bldg,521,38.908391,-76.843263,15
494,Largo Town Center Metro,522,38.899811,-76.844604,17
495,Baltimore Ave & Van Buren St / Riverdale Park Station,523,38.969581,-76.937349,17
496,Baltimore Ave & Jefferson St,524,38.95548,-76.940133,15
497,Perry & 35th St,525,38.936213,-76.960054,15
498,Rockville Pike & Meeting St,526,39.050539,-77.115212,15
499,Potomac Ave & Half St SW,527,38.86968314861632,-77.01081544160843,23
500,Crystal Dr & Potomac Ave,529,38.848304,-77.05122,11
501,Largo Rd & Campus Way / Prince Georges's Comm Col,530,38.88994,-76.825535,15
502,Stanton Square SE,531,38.855004,-76.984512,19
503,14th & Newton St NW,532,38.931991,-77.032956,19
504,48th Pl & MacArthur Blvd NW,533,38.9170363119413,-77.0957824587822,19
505,14th & Luzon St NW,534,38.969489,-77.033509,19
506,1st & M St SE,535,38.876893,-77.006072,19
507,Fleet St & Waterfront St,536,38.782633,-77.016059,15
508,Oxon Hill Park & Ride,537,38.798749,-77.00103,15
509,11th & Park Rd NW,538,38.93132185874559,-77.02824711799622,19
510,4th & M St SE,539,38.876751,-77.000736,19
511,Kansas Ave & Sherman Cr NW,540,38.94796174822241,-77.02154964208603,19
512,Campus Commons,541,38.944707,-77.335425,11
513,Park Run & Onyx Dr,542,38.92755,-77.226644,11
514,7th & K St NW,543,38.902674,-77.021392,19
515,King Greenleaf Rec Center,544,38.876211,-77.012443,19
516,Montello Ave & Holbrook Terr NE,545,38.907444,-76.986813,19
517,New Jersey Ave & F St NW,546,38.897108,-77.011616,33
518,Maryland Ave & 17th St NE,547,38.901935,-76.978627,19
519,Massachusetts Ave & 6th St NE,548,38.892934,-76.998273,19
520,Woodley Park Metro / Calvert St & Connecticut Ave NW,549,38.923389,-77.051833,23
521,McLean Metro,550,38.92400207520182,-77.20812678337097,19
522,Trinidad Rec Center,551,38.906299,-76.983221,19
523,Rosedale Rec Center,552,38.897808,-76.979634,19
524,11th & C St SE,553,38.885908,-76.991476,19
525,New Hampshire & Gallatin St NW,554,38.951596,-77.012808,19
526,United Medical Center,555,38.835737,-76.983144,19
527,18th & New Hampshire Ave NW,556,38.911268,-77.041829,19
528,Dunn Loring Metro,560,38.8828,-77.2283,19
529,Oglethorpe St & 42nd Ave,561,38.959361,-76.946361,15
530,Southern Ave Metro,562,38.840107,-76.9753,15
531,Queens Chapel & Hamilton St,563,38.9546,-76.9595,15
532,Northwestern High School,564,38.975505,-76.952199,15
533,New Hampshire Ave & East-West Hwy,565,38.974205,-76.995227,15
534,Rhode Island Ave & 39th St / Brentwood Arts Exchange,566,38.939271,-76.955047,15
535,Riggs Rd & East West Hwy,567,38.9725,-76.9807,17
536,Tanger Outlets,568,38.7968,-77.0026,15
537,Chillum Rd & Riggs Rd / Riggs Plaza,569,38.961737,-76.995922,15
538,Hyattsville Library / Adelphi Rd & Toledo Rd,570,38.9698,-76.9493,15
539,George Mason High School / Haycock Rd & Leesburg Pike,571,38.895172,-77.190275,12
540,State Theatre / Park Pl & N Washington St,572,38.882746,-77.170032,12
541,N Oak St & W Broad St,573,38.88837,-77.179832,12
542,Pennsylvania Ave & Park Ave,574,38.887403,-77.176992,12
543,E Fairfax St & S Washington St,575,38.880612,-77.171891,12
544,N Roosevelt St & Roosevelt Blvd,576,38.878085,-77.153953,12
545,W Broad St & Little Falls St,577,38.883601,-77.173438,12
546,S Maple Ave & S Washington St,578,38.87972,-77.178408,12
547,Falls Church City Hall / Park Ave & Little Falls St,579,38.885434,-77.173605,12
548,W Columbia St & N Washington St,580,38.885621,-77.166917,12
549,West Falls Church Metro,581,38.9001,-77.1887,19
550,Jones Branch Drive & Scotts Crossing Rd,582,38.928502,-77.215624,11
551,Georgia Ave & Morton St NW,583,38.932128,-77.0235,19
552,Merrilee Dr & Lauren Elizabeth Lane,584,38.879355,-77.230681,11
553,Merrifield Cinema & Merrifield Town Center,585,38.870093,-77.22997,11
554,Rhode Island & Montana Ave NE,586,38.9243,-76.9859,19
555,7th & S St NW,587,38.9142043187298,-77.0221745967865,19
556,North Capitol & R St NE,588,38.912524,-77.008798,15
557,17th & Upshur St NW,589,38.942146,-77.038684,19
558,Grant Circle,590,38.942024743273045,-77.01822102069855,19
559,14th & Otis Pl NW,591,38.934405,-77.032687,19
560,John McCormack Rd NE,592,38.938889,-76.997226,19
561,West Hyattsville Metro,593,38.955349,-76.968084,17
562,Capitol Heights Metro,594,38.888524,-76.913188,19
563,Prince George's Plaza Metro,595,38.965742,-76.954803,17
564,Riverdale Park Town Center,596,38.962119,-76.935578,17
565,The Mall at Prince Georges,597,38.968842,-76.954171,17
566,Wheaton Library & Community Rec Center,598,39.0473228,-77.0510969,11
567,Edgewood Rec Center,599,38.924144,-77.002098,15
568,8th & K St NE,601,38.90273216425078,-76.99514991079923,15
569,Kingman Island/The Fields at RFK,602,38.89595455700754,-76.9678448436025,19
570,Kenilworth Terrace & Hayes St. NE,603,38.90046848783359,-76.9472873210907,19
571,National Harbor Carousel,604,38.7859,-77.0167,15
572,Valley Ave & Wheeler Rd SE,605,38.83664578175751,-76.99358886515256,19
573,Ridge Rd Community Center,606,38.876227445751475,-76.94098126958124,19
574,Fort Stanton Rec Center,607,38.85736903758752,-76.97768801437633,19
575,Reservoir Rd & 38th St NW,608,38.91261359469192,-77.07432264076488,19
576,22nd & H St NW,609,38.89892546716842,-77.04885238395946,17
577,8th & H St NE,610,38.899941626884754,-76.99489653110504,19
578,Hardy Rec Center,611,38.90970086204467,-77.08564639091492,17
579,The Shoppes @ Burnt Mills,612,39.0313141,-77.0041217,19
580,Briggs Chaney & Castle Dr,613,39.081638,-76.945495,19
581,White Oak Rec Center,614,39.0461435,-76.9757228,15
582,Briggs Chaney Park & Ride,615,39.0778751,-76.9418666,23
583,Stewart & April,616,39.0449444,-76.9811552,19
584,Stewart Ln & Old Columbia Pike,617,39.0456521,-76.9854381,19
585,New Hampshire & Lockwood,618,39.0391022,-76.9918237,19
586,Castle Blvd & Castle Ln,619,39.085314,-76.940547,19
587,Oak Leaf & Lockwood,620,39.0379809,-76.9945391,19
588,White Oak Transit Center,621,39.04104,-76.987125,19
589,Wilson Blvd. & N. Vermont St.,622,38.87947660895433,-77.11456328630447,12
590,Oklahoma Ave & Benning Rd NE,623,38.8974996,-76.9695094,19
591,Minnesota Ave & R St SE,624,38.8693365,-76.978519,19
592,Vy Reston Heights,625,38.949008,-77.355299,11
593,1st & K St NE,626,38.902386,-77.005649,17
594,Wheeler Ave & S. Floyd St.,628,38.808161,-77.100796,12
595,N. Beauregard St. & Berkley St.,629,38.840797,-77.108938,19
596,Mt Vernon Trail & S. Washington St.,630,38.7930647,-77.049436,15
597,Eisenhower Ave & Ike Dr,632,38.802738,-77.0824626,15
598,Capitol Ave & Kendall St NE,633,38.910993,-76.985854,19
599,14th & D St SE,634,38.8840581,-76.9863852,19
600,Half & Water St SW,636,38.866277,-77.010551,15
601,14th & Q St NW,637,38.910674,-77.03188,19
602,13th & U St NW,638,38.91693645323652,-77.0296311378479,19
603,Stadium Armory Metro,639,38.88548252734069,-76.97718724608421,19
604,Broad Branch Rd & Northampton St NW,640,38.96577499342219,-77.06862643361092,19
605,N Pitt St & Montgomery St,641,38.81403111409755,-77.04281687736511,15
606,Duke St & Strand (Robinson Terminal),643,38.801947,-77.040293,11
607,21st St & G st NW,645,38.898308,-77.046402,19
608,4th St & G St SW,646,38.881123,-77.017658,19
609,Kansas Ave & Longfellow St NW,647,38.958098,-77.013821,19
610,National Airport,648,38.852903,-77.045916,19
611,Fern St & Army Navy Dr,649,38.864838,-77.056873,15
612,Arlington Blvd & Ft Myer Dr,650,38.890863,-77.074893,15
613,23rd St S & Hayes St,651,38.853002,-77.059496,15
614,Wilson Blvd & N Oak St,652,38.895068,-77.07386,17
615,Arlington Blvd & Fairfax Dr,653,38.88625606692058,-77.08426237106323,16
616,2nd & V St SW / James Creek Marina,654,38.863743,-77.013814,19
617,1st St & Potomac Ave SE,655,38.871841,-77.00591,19
618,20th & Columbia Rd NW,656,38.918036,-77.045487,19
619,3rd & M st SE,657,38.876823,-77.002161,23
620,53rd & D St SE/C.W. Harris Elementary,659,38.883318,-76.925315,19
